SALE TYPE,SOLD DATE,PROPERTY TYPE,ADDRESS,CITY,STATE OR PROVINCE,ZIP OR POSTAL CODE,PRICE,BEDS,BATHS,LOCATION,SQUARE FEET,LOT SIZE,YEAR BUILT,DAYS ON MARKET,$/SQUARE FEET,HOA/MONTH,STATUS,NEXT OPEN HOUSE START TIME,NEXT OPEN HOUSE END TIME,URL (SEE https://www.redfin.com/buy-a-home/comparative-market-analysis FOR INFO ON PRICING),SOURCE,MLS#,FAVORITE,INTERESTED,LATITUDE,LONGITUDE
MLS Listing,,Single Family Residential,28 Camelot Ridge Dr,Brandon,FL,33511,799000,5,3.0,CAMELOT WOODS PH 2,3365,14700,2001,15,237,65,Active,,,https://www.redfin.com/FL/Brandon/28-Camelot-Ridge-Dr-33511/home/47372914,Stellar MLS as Distributed by MLS Grid,TB8537290,Y,Y,27.8801866,-82.2866308
MLS Listing,,Single Family Residential,2243 Eagle Bluff Dr,Valrico,FL,33596,495000,4,3.0,BLOOMINGDALE SEC U V PH,3042,9600,1993,285,163,20,Active,,,https://www.redfin.com/FL/Valrico/2243-Eagle-Bluff-Dr-33596/home/47248861,Stellar MLS as Distributed by MLS Grid,TB8439468,Y,Y,27.8798002,-82.2514242
MLS Listing,,Single Family Residential,3928 Northridge Dr,Valrico,FL,33596,569000,4,3.0,BLOOMINGDALE SEC U V PH,2277,10875,1991,1,250,22,Active,August-29-2026 11:00 AM,August-29-2026 03:00 PM,https://www.redfin.com/FL/Valrico/3928-Northridge-Dr-33596/home/47249061,Stellar MLS as Distributed by MLS Grid,TB8540338,Y,Y,27.8854914,-82.2472125
MLS Listing,,Single Family Residential,1124 Split Silk St,Valrico,FL,33594,619900,5,4.0,LUMSDEN POINTE PH 1,3372,12302,2002,2,184,82,Active,,,https://www.redfin.com/FL/Valrico/1124-Split-Silk-St-33594/home/47383340,Stellar MLS as Distributed by MLS Grid,TB8537384,Y,Y,27.9193146,-82.2569257
MLS Listing,,Single Family Residential,15910 Ternglade Dr,Lithia,FL,33547,879000,4,3.5,FISHHAWK RANCH PH 2 PRCL,3243,11007,2009,9,271,70,Active,,,https://www.redfin.com/FL/Lithia/15910-Ternglade-Dr-33547/home/47009518,Stellar MLS as Distributed by MLS Grid,TB8534611,Y,Y,27.8478247,-82.2177935
MLS Listing,,Single Family Residential,2928 Chelsea Woods Dr,Valrico,FL,33596,875000,5,3.5,CHELSEA WOODS,4050,22185,1998,21,216,2,Active,,,https://www.redfin.com/FL/Valrico/2928-Chelsea-Woods-Dr-33596/home/47247616,Stellar MLS as Distributed by MLS Grid,TB8536733,Y,Y,27.9030276,-82.2493824
MLS Listing,,Single Family Residential,5805 Watercolor Dr,Lithia,FL,33547,795000,4,5.0,FISHHAWK RANCH WEST PH 2A/,3283,10620,2016,70,242,99,Active,,,https://www.redfin.com/FL/Lithia/5805-Watercolor-Dr-33547/home/104223216,Stellar MLS as Distributed by MLS Grid,TB8520613,Y,Y,27.8493812,-82.2491869
MLS Listing,,Single Family Residential,3510 Autumn Glen Dr,Valrico,FL,33596,509900,4,3.0,RIVER HILLS COUNTRY CLUB PARCE,2281,9717,1994,6,224,223,Active,,,https://www.redfin.com/FL/Valrico/3510-Autumn-Glen-Dr-33596/home/47250177,Stellar MLS as Distributed by MLS Grid,TB8540930,Y,Y,27.8930838,-82.2107559
MLS Listing,,Single Family Residential,133 Barrington Dr,Brandon,FL,33511,769000,4,3.5,BARRINGTON OAKS EAST,3543,18513,1983,219,217,170,Active,,,https://www.redfin.com/FL/Brandon/133-Barrington-Dr-33511/home/47212138,Stellar MLS as Distributed by MLS Grid,TB8465143,Y,Y,27.9212729,-82.2843584
MLS Listing,,Single Family Residential,14207 Ashburn Pl,Tampa,FL,33624,695000,4,2.0,CARROLLWOOD VILLAGE,2698,13364,1981,71,258,91,Active,,,https://www.redfin.com/FL/Tampa/14207-Ashburn-Pl-33624/home/47118513,Stellar MLS as Distributed by MLS Grid,TB8517885,Y,Y,28.0807059,-82.5203432
MLS Listing,,Single Family Residential,6121 Chene Ct,Lutz,FL,33558,799900,4,3.0,CHEVAL WEST VILLG 4 PH 2,2583,11760,1997,33,310,12,Contingent,,,https://www.redfin.com/FL/Lutz/6121-Chene-Ct-33558/home/47100260,Stellar MLS as Distributed by MLS Grid,TB8530537,Y,Y,28.1468376,-82.5507706
MLS Listing,,Single Family Residential,4419 Swift Cir,Valrico,FL,33596,639900,4,3.0,BLOOMINGDALE SEC AA GG UNI,3052,25638,1997,15,210,25,Contingent,,,https://www.redfin.com/FL/Valrico/4419-Swift-Cir-33596/home/47252172,Stellar MLS as Distributed by MLS Grid,TB8536198,Y,Y,27.8792514,-82.2484728
MLS Listing,,Single Family Residential,3406 Sylvan Shadow St,Valrico,FL,33596,694900,4,3.0,CANTERBURY OAKS,2790,13650,1996,60,249,96,Contingent,,,https://www.redfin.com/FL/Valrico/3406-Sylvan-Shadow-St-33596/home/47249877,Stellar MLS as Distributed by MLS Grid,TB8509008,Y,Y,27.892319,-82.2129065
PAST SALE,,Single Family Residential,4415 Avenue Cannes,Lutz,FL,33558,185000,3,3.5,,2834,7410,1990,,65,,,,,https://www.redfin.com/FL/Lutz/4415-Avenue-Cannes-33558/home/47101108,,,Y,Y,28.1522269,-82.5126009
MLS Listing,,Single Family Residential,18912 Place Marquette,Lutz,FL,33558,744900,3,3.5,BIARRITZ VILLAGE,2618,6360,1998,34,285,323,Contingent,,,https://www.redfin.com/FL/Lutz/18912-Place-Marquette-33558/home/47100680,Stellar MLS as Distributed by MLS Grid,TB8532443,Y,Y,28.1486603,-82.5142431
MLS Listing,,Single Family Residential,16320 Bridgewalk Dr,Lithia,FL,33547,535000,4,3.0,FISHHAWK RANCH PH 2 PARCEL EE-1/F,2226,7405,2005,161,240,10,Active,,,https://www.redfin.com/FL/Lithia/16320-Bridgewalk-Dr-33547/home/46993157,Stellar MLS as Distributed by MLS Grid,TB8487179,Y,Y,27.8415332,-82.2103782
MLS Listing,,Single Family Residential,16215 Hoylake Dr,Odessa,FL,33556,719000,4,3.0,TURNBERRY AT THE EAGLES,2748,9600,1996,62,262,130,Contingent,,,https://www.redfin.com/FL/Odessa/16215-Hoylake-Dr-33556/home/47068448,Stellar MLS as Distributed by MLS Grid,TB8505745,Y,Y,28.1003963,-82.6370126
PAST SALE,June-17-2004,Single Family Residential,11612 Windsorton Way,Tampa,FL,33626,739000,6,3.0,WESTCHESTER PHASE 2B,2734,2734,2002,76,270,75,Pending,,,https://www.redfin.com/FL/Tampa/11612-Windsorton-Way-33626/home/47360521,Stellar MLS as Distributed by MLS Grid,O6412187,Y,Y,28.0710267,-82.6282088
MLS Listing,,Single Family Residential,3825 Misty Landing Dr,Valrico,FL,33594,650000,4,3.0,ST CLOUD LANDINGS,2721,9226,2006,19,239,108,Contingent,,,https://www.redfin.com/FL/Valrico/3825-Misty-Landing-Dr-33594/home/47016891,Stellar MLS as Distributed by MLS Grid,TB8529061,Y,Y,27.9178868,-82.2334818
MLS Listing,,Single Family Residential,4407 Carrollwood Village Dr,Tampa,FL,33618,750000,4,2.5,CARROLLWOOD VILLAGE SEC 1,2756,15840,1976,21,272,78,Contingent,,,https://www.redfin.com/FL/Tampa/4407-Carrollwood-Village-Dr-33618/home/47123344,Stellar MLS as Distributed by MLS Grid,TB8536714,Y,Y,28.0624291,-82.5153023
MLS Listing,,Single Family Residential,4634 River Overlook Dr,Valrico,FL,33596,524900,5,4.0,RIVER CROSSING ESTATES PH 4,2771,9000,2001,22,189,20,Active,,,https://www.redfin.com/FL/Valrico/4634-River-Overlook-Dr-33596/home/47365585,Stellar MLS as Distributed by MLS Grid,TB8535491,Y,Y,27.8675211,-82.2577378
MLS Listing,,Single Family Residential,5927 Jasper Glen Dr,Lithia,FL,33547,644900,4,4.0,FISHHAWK RANCH WEST PH 1B/1C,3192,7560,2015,154,202,100,Active,,,https://www.redfin.com/FL/Lithia/5927-Jasper-Glen-Dr-33547/home/64131177,Stellar MLS as Distributed by MLS Grid,TB8489751,Y,Y,27.8454539,-82.2524523
MLS Listing,,Single Family Residential,13857 Sharp Hawk Dr,Riverview,FL,33569,695000,5,4.0,HAWKS RESERVE,3228,7200,2022,23,215,229,Active,,,https://www.redfin.com/FL/Riverview/13857-Sharp-Hawk-Dr-33569/home/177793385,Stellar MLS as Distributed by MLS Grid,TB8535439,Y,Y,27.8343939,-82.2590385
MLS Listing,,Single Family Residential,302 Bloomingfield Dr,Brandon,FL,33511,565000,4,2.5,BLOOMINGDALE SEC D UNIT,2465,16038,1982,49,229,2,Active,,,https://www.redfin.com/FL/Brandon/302-Bloomingfield-Dr-33511/home/47219329,Stellar MLS as Distributed by MLS Grid,TB8527541,Y,Y,27.8842925,-82.2810835
MLS Listing,,Single Family Residential,4903 Jenni Lin Ct,Valrico,FL,33596,799000,4,2.5,RIVER HILLS COUNTRY CLUB,2912,14364,1990,110,274,223,Active,August-29-2026 11:00 AM,August-29-2026 03:00 PM,https://www.redfin.com/FL/Valrico/4903-Jenni-Lin-Ct-33596/home/47250145,MARMLS,A12015249,Y,Y,27.8837733,-82.2145798
MLS Listing,,Single Family Residential,4810 Water Lark Way,Valrico,FL,33596,525000,4,3.0,TWIN LAKES PARCELS A2 & B2,2917,11520,2000,134,180,99,Active,,,https://www.redfin.com/FL/Valrico/4810-Water-Lark-Way-33596/home/47367605,Stellar MLS as Distributed by MLS Grid,TB8496904,Y,Y,27.895867,-82.2131807
MLS Listing,,Single Family Residential,3903 Powerline Rd,Lithia,FL,33547,408000,4,1.0,UNPLATTED,2250,92347,1989,27,181,,Active,,,https://www.redfin.com/FL/Lithia/3903-Powerline-Rd-33547/home/47251180,Stellar MLS as Distributed by MLS Grid,TB8534733,Y,Y,27.8680816,-82.1830822
MLS Listing,,Single Family Residential,11204 Coventry Grove Cir,Lithia,FL,33547,479000,4,2.0,CHANNING PARK,2237,8438,2013,129,214,164,Active,,,https://www.redfin.com/FL/Lithia/11204-Coventry-Grove-Cir-33547/home/47058179,Stellar MLS as Distributed by MLS Grid,TB8488331,Y,Y,27.8330853,-82.2043575
MLS Listing,,Single Family Residential,5954 Caldera Ridge Dr,Lithia,FL,33547,635000,5,4.5,FISHHAWK RANCH WEST PH 1B/1C,3296,6952,2017,28,193,103,Contingent,,,https://www.redfin.com/FL/Lithia/5954-Caldera-Ridge-Dr-33547/home/64131057,Stellar MLS as Distributed by MLS Grid,TB8533576,Y,Y,27.8455547,-82.2546999
MLS Listing,,Single Family Residential,12307 Breton Oak Ln,Riverview,FL,33569,585000,4,3.0,RIVERGLEN UNIT 6 PH 2 & U,2989,18368,2000,57,196,104,Contingent,,,https://www.redfin.com/FL/Riverview/12307-Breton-Oak-Ln-33569/home/47365977,Stellar MLS as Distributed by MLS Grid,TB8524854,Y,Y,27.8616445,-82.2957347
MLS Listing,,Single Family Residential,1009 Emerald Creek Dr,Valrico,FL,33596,850000,4,3.0,EMERALD CREEK,3784,19080,2006,65,225,41,Active,,,https://www.redfin.com/FL/Valrico/1009-Emerald-Creek-Dr-33596/home/47222127,Stellar MLS as Distributed by MLS Grid,TB8521781,Y,Y,27.8655478,-82.2680012
MLS Listing,,Single Family Residential,6302 Bridgevista Dr,Lithia,FL,33547,579000,4,3.0,FISHHAWK RANCH PH 2 PRCL,2910,8251,2005,112,199,10,Active,,,https://www.redfin.com/FL/Lithia/6302-Bridgevista-Dr-33547/home/46993818,Stellar MLS as Distributed by MLS Grid,TB8505699,Y,Y,27.8366079,-82.2138888
MLS Listing,,Single Family Residential,11321 Scribner Station Ln,Lithia,FL,33547,565000,4,3.0,CHANNING PARK,2585,8643,2012,121,219,133,Active,,,https://www.redfin.com/FL/Lithia/11321-Scribner-Station-Ln-33547/home/47058190,Stellar MLS as Distributed by MLS Grid,TB8502499,Y,Y,27.8334584,-82.2053685
MLS Listing,,Single Family Residential,1022 Emerald Creek Dr,Valrico,FL,33596,799000,5,4.0,EMERALD CREEK,3144,27853,2007,165,254,41,Contingent,,,https://www.redfin.com/FL/Valrico/1022-Emerald-Creek-Dr-33596/home/47222117,Stellar MLS as Distributed by MLS Grid,TB8484278,Y,Y,27.8646565,-82.2670163
MLS Listing,,Single Family Residential,4110 Helene Pl,Valrico,FL,33594,489000,3,2.0,PARKWOOD MANOR 1ST ADD,2061,15000,1977,77,237,,Contingent,,,https://www.redfin.com/FL/Valrico/4110-Helene-Pl-33594/home/47245700,Stellar MLS as Distributed by MLS Grid,TB8513103,Y,Y,27.9132151,-82.2316277
PAST SALE,August-26-2026,Single Family Residential,2327 Eagle Bluff Dr,Valrico,FL,33596,522500,4,2.5,BLOOMINGDALE SEC U V PH,2452,9600,1991,,213,22,Sold,,,https://www.redfin.com/FL/Valrico/2327-Eagle-Bluff-Dr-33596/home/47249161,Stellar MLS as Distributed by MLS Grid,TB8512329,Y,Y,27.8822653,-82.2460535
PAST SALE,August-21-2026,Single Family Residential,6105 Audubon Manor Blvd,Lithia,FL,33547,835000,4,3.0,FISH HAWK TRAILS UNIT 4 PH,3162,22914,2002,,264,154,Sold,,,https://www.redfin.com/FL/Lithia/6105-Audubon-Manor-Blvd-33547/home/47367422,Stellar MLS as Distributed by MLS Grid,TB8532375,Y,Y,27.8595602,-82.1856504
MLS Listing,,Single Family Residential,403 Weeburn Rd,Temple Terrace,FL,33617,739000,3,2.5,TEMPLE TERRACE ESTATES REP,2981,14900,1976,35,248,,Contingent,,,https://www.redfin.com/FL/Temple-Terrace/403-Weeburn-Rd-33617/home/47347889,Stellar MLS as Distributed by MLS Grid,TB8532108,Y,Y,28.0406099,-82.3727046
MLS Listing,,Single Family Residential,62 Camelot Ridge Dr,Brandon,FL,33511,719000,4,3.5,CAMELOT WOODS PH 02,3340,14750,2004,111,215,65,Active,,,https://www.redfin.com/FL/Brandon/62-Camelot-Ridge-Dr-33511/home/47372889,Stellar MLS as Distributed by MLS Grid,TB8505779,Y,Y,27.8804237,-82.2881327
PAST SALE,August-21-2024,Single Family Residential,113 Brookover Ln,Brandon,FL,33511,830000,4,3.0,HIDDEN RESERVE,2992,13618,2022,57,277,190,Pending,,,https://www.redfin.com/FL/Brandon/113-Brookover-Ln-33511/home/110281795,Stellar MLS as Distributed by MLS Grid,L4962451,Y,Y,27.8834974,-82.2875694
